{
  "type": "template",
  "payload": {
    "template_type": "cart",
    "elements": {
      "title": "Your Cart",
      "products": [
        {
          "title": "Adidas",
          "image": "https://i.imgur.com/GV1w8lj.png",
          "description": "Collar - Rs 799",
          "defaultUnits": 1,
          "maxUnites": 10,
          "unitsTitle": "Unit",
          "productId": 1
        },
        {
          "title": "Rolex",
          "image": "https://i.imgur.com/GV1w8lj.png",
          "description": "Mens - Rs 7599",
          "defaultUnits": 2,
          "maxUnites": 20,
          "unitsTitle": "Unit",
          "productId": 2
        },
        {
          "title": "Adidas",
          "image": "https://i.imgur.com/GV1w8lj.png",
          "description": "Jeans - Rs 7599",
          "defaultUnits": 1,
          "maxUnites": 5,
          "unitsTitle": "Unit",
          "productId": 2
        }
      ],
      "submit": {
        "title": "CHECK OUT"
      }
    }
  }
}
