{
  "type": "template",
  "payload": {
    "template_type": "returnTemplate",
    "elements": {
      "title": "Would you like a replacement or return?",
      "buttons": {
        "replacement": {
          "type": "postback",
          "title": "Replacement",
          "payload": "REPLACEMENT"
        },
        "return": {
          "type": "confirm",
          "title": "Return"
        }
      },
      "returnConfirm": {
        "title": "Proceed to return",
        "button": {
          "type": "postback",
          "title": "Proceed",
          "payload": "RETURN"
        }
      }
    }
  }
}
