{
  "type": "template",
  "payload": {
    "template_type": "form",
    "title": "",
    "class": "btn-right btn-small",
    "elements": [
      {
        "name": "address_information",
        "textarea": [
          {
            "name": "address_information",
            "label": "Address Information",
            "placeholder": "Area"
          }
        ]
      },
      {
        "buttons": [
          {
            "type": "postback",
            "title": "Next",
            "payload": "DYNAMIC_STATE_PAYLOAD",
            "showText": false
          }
        ]
      }
    ]
  }
}
