{
  "type": "template",
  "payload": {
    "template_type": "list",
    "title": "Your Cart",
    "elements": [
      {
        "products": [
          {
            "title": "Adidas",
            "image": "https://i.imgur.com/GV1w8lj.png",
            "description": "Collar - Rs 799",
            "defaultUnits": 1,
            "maxUnites": 10,
            "unitsTitle": "Unit",
            "id": 1
          },
          {
            "title": "Rolex",
            "image": "https://i.imgur.com/GV1w8lj.png",
            "description": "Mens - Rs 7599",
            "defaultUnits": 2,
            "maxUnites": 20,
            "unitsTitle": "Unit",
            "id": 2
          },
          {
            "title": "Adidas",
            "image": "https://i.imgur.com/GV1w8lj.png",
            "description": "Jeans - Rs 7599",
            "defaultUnits": 1,
            "maxUnites": 5,
            "unitsTitle": "Unit",
            "id": 3
          }
        ]
      },
      {
        "buttons": [
          {
            "type": "postback",
            "background": "yellow",
            "title": "CHECK OUT",
            "payload": "DYNAMIC_STATE_PAYLOAD"
          }
        ]
      }
    ]
  }
}
