{
  "type": "template",
  "payload": {
    "template_type": "form",
    "title": "Feedback",
    "elements": [
      {
        "custom_payload": {
          "product_id": "PRODUCT_ID"
        },
        "name": "feedback",
        "textarea": [
          {
            "name": "feedback",
            "placeholder": "Write a review"
          }
        ]
      },
      {
        "buttons": [
          {
            "type": "postback",
            "background": "yellow",
            "title": "SUBMIT",
            "payload": "DYNAMIC_STATE_PAYLOAD"
          }
        ]
      }
    ]
  }
}
