{
  "type": "template",
  "payload": {
    "template_type": "form",
    "class": "btn-center",
    "elements": [
      {
        "name": "location",
        "input": [
          {
            "name": "pincode",
            "placeholder": "Pincode"
          },
          {
            "name": "zipcode",
            "placeholder": "Zipcode"
          }
        ]
      },
      {
        "separator": {
          "text": "or"
        }
      },
      {
        "name": "current_location",
        "current_location": [
          {
            "name": "current_location",
            "placeholder": "Current Location",
            "showMap": false
          }
        ]
      },
      {
        "buttons": [
          {
            "type": "postback",
            "background": "yellow",
            "title": "SUBMIT",
            "payload": "DYNAMIC_STATE_PAYLOAD"
          }
        ]
      }
    ]
  }
}
