{
  "type": "template",
  "payload": {
    "template_type": "form",
    "class": "btn-center btn-small btn-outline input-outline location-outline",
    "elements": [
      {
        "name": "location",
        "input": [
          {
            "name": "pincode",
            "placeholder": "Pincode"
          },
          {
            "name": "zipcode",
            "placeholder": "Zipcode"
          }
        ]
      },
      {
        "separator": {
          "text": "or"
        }
      },
      {
        "name": "current_location",
        "current_location": [
          {
            "name": "current_location",
            "placeholder": "Current Location",
            "showMap": true,
            "zoom": 10,
            "defaultCoordinates": {
              "lat": -3.745,
              "lng": -38.523
            }
          }
        ]
      },
      {
        "buttons": [
          {
            "type": "postback",
            "title": "SUBMIT",
            "payload": "DYNAMIC_STATE_PAYLOAD"
          }
        ]
      }
    ]
  }
}
