{
  "type": "template",
  "payload": {
    "template_type": "map",
    "elements": [
      {
        "element_style": "popup",
        "map": {
          "lat": 37.77,
          "lng": -122.42,
          "zoom": 15
        },
        "place": {
          "image": "https://i.ibb.co/6Jb4CFy/place.png",
          "title": "Adidas, BTM Layout, Bangalore",
          "subtitle": "Adidas Store - 1.5 Km",
          "address": "832 5th Street, 1st Stage, BTM layout, Bangalore - 560048"
        }
      },
      {
        "element_style": "bottom",
        "map": {
          "lat": 37.77,
          "lng": -122.42,
          "zoom": 15
        },
        "place": {
          "image": "https://i.ibb.co/6Jb4CFy/place.png",
          "title": "Adidas, BTM Layout, Bangalore",
          "subtitle": "Adidas Store - 1.5 Km",
          "address": "832 5th Street, 1st Stage, BTM layout, Bangalore - 560048"
        }
      },
      {
        "element_style": "right",
        "map": {
          "lat": 37.77,
          "lng": -122.42,
          "zoom": 15
        },
        "place": {
          "image": "https://i.ibb.co/XZJyKjv/place-2.png",
          "title": "Adidas, BTM Layout, Bangalore",
          "subtitle": "Adidas Store - 1.5 Km",
          "address": "832 5th Street, 1st Stage, BTM layout, Bangalore - 560048"
        }
      },
      {
        "element_style": "overlay",
        "map": {
          "lat": 37.77,
          "lng": -122.42,
          "zoom": 15
        },
        "place": {
          "image": "https://i.ibb.co/6Jb4CFy/place.png",
          "title": "Adidas, BTM Layout, Bangalore",
          "subtitle": "Adidas Store - 1.5 Km",
          "address": "832 5th Street, 1st Stage, BTM layout, Bangalore - 560048"
        }
      }
    ]
  }
}
