{
  "type": "template",
  "payload": {
    "template_type": "form",
    "title": "Enter 4 digit Pin",
    "elements": [
      {
        "name": "phone_number",
        "input": [
          {
            "name": "phone_number",
            "placeholder": "Enter your number"
          }
        ]
      },
      {
        "buttons": [
          {
            "type": "postback",
            "background": "yellow",
            "title": "GET OTP",
            "payload": "DYNAMIC_STATE_PAYLOAD"
          }
        ]
      }
    ]
  }
}
