{
  "type": "template",
  "payload": {
    "template_type": "form",
    "title": "Payment",
    "elements": [
      {
        "name": "payment_type",
        "custom_payload": {
          "product_id": "PRODUCT_ID"
        },
        "radio": [
          {
            "title": "Credit / Debit / ATM Card",
            "payload": "CREDIT_DEBIT_ATM"
          },
          {
            "title": "Net Banking",
            "payload": "NET_BANKING"
          },
          {
            "title": "Cash on Delivery",
            "payload": "CASH_ON_DELIVERY"
          }
        ]
      },
      {
        "buttons": [
          {
            "type": "postback",
            "background": "yellow",
            "title": "PROCEED",
            "payload": "DYNAMIC_STATE_PAYLOAD"
          }
        ]
      }
    ]
  }
}
