{
  "type": "template",
  "payload": {
    "template_type": "form",
    "title": "",
    "class": "btn-right btn-small",
    "elements": [
      {
        "name": "personal_info",
        "select_small": [
          {
            "name": "date",
            "items": [
              {
                "label": "Select Date",
                "value": null
              },
              {
                "label": "City 1",
                "value": "City One"
              },
              {
                "label": "City 2",
                "value": "City Two"
              },
              {
                "label": "City 3",
                "value": "City Three"
              }
            ]
          },
          {
            "name": "time",
            "items": [
              {
                "label": "Select Time",
                "value": null
              },
              {
                "label": "City 1",
                "value": "City One"
              },
              {
                "label": "City 2",
                "value": "City Two"
              },
              {
                "label": "City 3",
                "value": "City Three"
              }
            ]
          }
        ]
      },
      {
        "name": "personal_info",
        "input": [
          {
            "name": "name",
            "label": "Personal Information",
            "placeholder": "Name"
          }
        ]
      },
      {
        "buttons": [
          {
            "type": "postback",
            "title": "Next",
            "payload": "DYNAMIC_STATE_PAYLOAD",
            "showText": false
          }
        ]
      }
    ]
  }
}
