{
  "type": "template",
  "payload": {
    "template_type": "list",
    "title": "Sure Please select the list of products below and MOQ",
    "textAlign": "left",
    "elements": [
      {
        "buttons": [
          {
            "type": "postback",
            "title": "Pencil- 100 Box 250 ( Each Box 10)",
            "payload": "1"
          }
        ]
      },
      {
        "buttons": [
          {
            "type": "postback",
            "title": "Eraser – 100 Box 200",
            "payload": "2"
          }
        ]
      },
      {
        "buttons": [
          {
            "type": "postback",
            "title": "Sharpener – 100 Boxes 300",
            "payload": "3"
          }
        ]
      }
    ]
  }
}
