{
  "type": "template",
  "payload": {
    "template_type": "form",
    "title": "Give Rating",
    "class": "rating",
    "elements": [
      {
        "custom_payload": {
          "product_id": "PRODUCT_ID"
        },
        "name": "rating",
        "rate": [
          {
            "name": "rating"
          }
        ]
      },
      {
        "buttons": [
          {
            "type": "postback",
            "background": "yellow",
            "title": "SUBMIT",
            "payload": "DYNAMIC_STATE_PAYLOAD"
          }
        ]
      }
    ]
  }
}
