{
  "type": "template",
  "payload": {
    "template_type": "list",
    "title": "Please select reasons below",
    "elements": [
      {
        "buttons": [
          {
            "type": "postback",
            "title": "Size doesn’t fit",
            "payload": "DOES_NOT_FIT"
          },
          {
            "type": "postback",
            "title": "Color mismatch",
            "payload": "COLOR_MISMATCH"
          }
        ]
      },
      {
        "buttons": [
          {
            "type": "postback",
            "title": "Not satisfied with product",
            "payload": "NOT_SATISFIED"
          }
        ]
      },
      {
        "buttons": [
          {
            "type": "postback",
            "title": "Others",
            "payload": "OTHER"
          },
          {
            "type": "postback",
            "title": "Type Here >>",
            "payload": "DYNAMIC"
          }
        ]
      }
    ]
  }
}
