{
  "type": "template",
  "payload": {
    "template_type": "list",
    "title": "Would you like a replacement or return?",
    "class": "size-big",
    "elements": [
      {
        "buttons": [
          {
            "type": "postback",
            "title": "Replacement",
            "payload": "replacement"
          },
          {
            "type": "postback",
            "title": "Return",
            "background": "yellow",
            "payload": "return"
          }
        ]
      }
    ]
  }
}
