{
  "type": "template",
  "payload": {
    "template_type": "list",
    "title": "Select Type",
    "elements": [
      {
        "options": {
          "align": "center"
        },
        "buttons": [
          {
            "type": "postback",
            "title": "Collar",
            "payload": "COLLAR"
          }
        ]
      },
      {
        "options": {
          "align": "center"
        },
        "buttons": [
          {
            "type": "postback",
            "title": "Round Neck",
            "payload": "ROUND_NECK"
          }
        ]
      }
    ]
  }
}
